title,yr,director,awards,votes,release_year,Total_win,Total_Nominated
10 Things I Hate About You,1999,Gil Junger,2 wins & 13 nominations.,283945,1999,2,13
101 Dalmatian Street,2018,N/A,N/A,124,2019,0,0
101 Dalmatians,1996,Stephen Herek,Nominated for 1 Golden Globe. Another 3 wins & 9 nominations.,97785,1996,3,10
101 Dalmatians 2: Patch's London Adventure,2002,"Jim Kammerud, Brian Smith",5 wins & 10 nominations.,7434,2003,5,10
102 Dalmatians,2000,Kevin Lima,Nominated for 1 Oscar. Another 1 win & 7 nominations.,33444,2000,1,8
12 Dates of Christmas,2011,James Hayman,1 nomination.,4933,2011,0,1
"20,000 Leagues Under the Sea",1954,Richard Fleischer,Won 2 Oscars. Another 3 wins & 3 nominations.,27761,1955,5,3
A Bug's Life,0,"Animation, Adventure, Comedy, Family",USA,7,0,0,0
A Celebration of the Music from Coco,2020,Ron de Moraes,N/A,35,2020,0,0
A Goofy Movie,1995,Kevin Lima,5 nominations.,43655,1995,0,5
A Kid in King Arthur's Court,1995,Michael Gottlieb,1 nomination.,5479,1995,0,1
A Knight for a Day,1946,Jack Hannah,N/A,488,1946,0,0
A Ring of Endless Light,2002,Greg Beeman,2 wins & 1 nomination.,1042,2002,2,1
A Tale of Two Critters,1977,Jack Speirs,N/A,59,1977,0,0
A Wrinkle in Time,2018,Ava DuVernay,5 wins & 15 nominations.,38659,2018,5,15
Aladdin,2019,Guy Ritchie,7 wins & 32 nominations.,204537,2019,7,32
Aladdin,1992,"Ron Clements, John Musker",Won 2 Oscars. Another 31 wins & 22 nominations.,356283,1992,33,22
Aladdin and the King of Thieves,1996,Tad Stones,2 wins & 1 nomination.,31603,1996,2,1
Aladdin and the Return of Jafar,1994,"Toby Shelton, Tad Stones, Alan Zaslove",1 nomination.,25623,1994,0,1
Alice in Wonderland,1951,"Clyde Geronimi, Wilfred Jackson, Hamilton Luske",Nominated for 1 Oscar. Another 1 nomination.,123377,1951,0,2
Alice in Wonderland,2010,Tim Burton,Won 2 Oscars. Another 33 wins & 63 nominations.,371772,2010,35,63
Aliens of the Deep,2005,"James Cameron, Steven Quale",N/A,2586,2005,0,0
All in a Nutshell,1949,Jack Hannah,N/A,572,1949,0,0
Alley Cats Strike,2000,Rod Daniel,1 nomination.,1840,2000,0,1
Almost Angels,1962,Steve Previn,N/A,309,1962,0,0
America's Funniest Home Videos,1989,N/A,4 wins & 6 nominations.,4652,1989,4,6
America's Heart & Soul,2004,Louie Schwartzberg,1 win & 1 nomination.,557,2004,1,1
America's National Parks,2015,N/A,N/A,73,2015,0,0
Amy,1981,Vincent McEveety,2 nominations.,236,1981,0,2
An Extremely Goofy Movie,2000,Douglas McCarthy,2 wins & 1 nomination.,9244,2000,2,1
Andi Mack,2017,N/A,3 wins & 6 nominations.,1723,2017,3,6
Annie,1999,Rob Marshall,Nominated for 1 Golden Globe. Another 9 wins & 23 nominations.,4380,1999,9,24
Apollo: Missions to the Moon,2019,Tom Jennings,4 nominations.,130,2019,0,4
null,0,null,null,null,0,0,0
Around the World in 80 Days,2004,Frank Coraci,2 wins & 2 nominations.,82011,2004,2,2
Atlantis Rising,2017,Simcha Jacobovici,N/A,178,2017,0,0
Atlantis: Milo's Return,2003,"Victor Cook, Toby Shelton, Tad Stones",1 nomination.,7621,2003,0,1
Atlantis: The Lost Empire,2001,"Gary Trousdale, Kirk Wise",2 wins & 14 nominations.,98258,2001,2,14
Auntie Edna,2018,Ted Mathot,N/A,1019,2018,0,0
Austin & Ally,2011,N/A,10 wins & 14 nominations.,8666,2011,10,14
Avatar,2009,James Cameron,Won 3 Oscars. Another 86 wins & 129 nominations.,1086714,2009,89,129
null,0,null,null,null,0,0,0
Babes in the Woods,1932,Burt Gillett,N/A,799,1932,0,0
Babes in Toyland,1961,Jack Donohue,Nominated for 2 Oscars. Another 1 win & 4 nominations.,3228,1961,1,6
Bambi,1942,"James Algar, Samuel Armstrong, David Hand, Graham Heid, Bill Roberts, Paul Satterfield, Norman Wright, Arthur Davis, Clyde Geronimi",Nominated for 3 Oscars. Another 6 wins & 3 nominations.,125824,1942,6,6
Bambi and the Great Prince of the Forest,2006,Brian Pimental,1 win & 1 nomination.,8741,2006,1,1
Bao,2018,Domee Shi,Won 1 Oscar. Another 4 nominations.,19660,2018,1,4
Be Our Chef,2020,N/A,N/A,null,2020,0,0
Beach Picnic,1939,Clyde Geronimi,N/A,675,1939,0,0
Bearly Asleep,1955,Jack Hannah,N/A,254,1955,0,0
Beauty and the Beast,1991,"Gary Trousdale, Kirk Wise",Won 2 Oscars. Another 27 wins & 34 nominations.,404632,1991,29,34
Belle's Magical World,0,92 min,English,null,0,0,0
Beauty and the Beast: The Enchanted Christmas,1997,Andrew Knight,2 wins & 6 nominations.,8603,1997,2,6
Because of Winn-Dixie,2005,Wayne Wang,2 nominations.,10040,2005,0,2
Bedknobs and Broomsticks,1971,"Robert Stevenson, Ward Kimball",Won 1 Oscar. Another 1 win & 5 nominations.,32823,1971,2,5
Bedtime Stories,2008,Adam Shankman,3 wins & 5 nominations.,85524,2008,3,5
Beezy Bear,1955,Jack Hannah,N/A,269,1955,0,0
Before the Flood,2016,Fisher Stevens,2 wins & 7 nominations.,25171,2016,2,7
Benji the Hunted,1987,Joe Camp,1 win & 1 nomination.,2629,1987,1,1
Best Friends Whenever,2015,N/A,3 nominations.,1475,2015,0,3
Big Business,1988,Jim Abrahams,1 win & 1 nomination.,11575,1988,1,1
Big City Greens,2018,N/A,2 nominations.,567,2018,0,2
null,0,null,null,null,0,0,0
Big Hero 6,2014,"Don Hall, Chris Williams",Won 1 Oscar. Another 16 wins & 58 nominations.,393016,2014,17,58
null,0,null,null,null,0,0,0
Billy Dilley's Super-Duper Subterranean Summer,2017,N/A,N/A,77,0,0,0
null,0,null,null,null,0,0,0
Bizarre Dinosaurs,2009,Jenny Kubo,N/A,47,2009,0,0
Blackbeard's Ghost,1968,Robert Stevenson,N/A,4913,1968,0,0
Blank Check,1994,Rupert Wainwright,N/A,18277,1994,0,0
Bluey,2018,N/A,4 wins.,949,2019,4,0
Boat Builders,1938,Ben Sharpsteen,N/A,993,1938,0,0
Bolt,2008,"Byron Howard, Chris Williams",Nominated for 1 Oscar. Another 1 win & 31 nominations.,182591,2008,1,32
null,0,null,null,null,0,0,0
Bonkers,1993,N/A,2 wins.,1188,1993,2,0
null,0,null,null,null,0,0,0
Boundin',2003,"Bud Luckey, Roger Gould(co-director)",Nominated for 1 Oscar. Another 1 win.,12312,2004,1,1
Boy Meets World,1993,N/A,5 wins & 17 nominations.,37279,1993,5,17
Brain Games,2011,N/A,Nominated for 1 Primetime Emmy. Another 2 nominations.,2812,2011,0,3
Brave,2012,"Mark Andrews, Brenda Chapman, Steve Purcell(co-director)",Won 1 Oscar. Another 19 wins & 48 nominations.,357239,2012,20,48
The Brave Little Toaster to the Rescue,1997,"Robert C. Ramirez, Patrick A. Ventura",N/A,1201,1999,0,0
Breaking2,2017,Martin Desmond Roe,N/A,42,2017,0,0
null,0,null,null,null,0,0,0
Brink!,0,29 Aug 1998,Jeff Schechter,null,0,0,0
Brother Bear,2003,"Aaron Blaise, Robert Walker",Nominated for 1 Oscar. Another 2 wins & 21 nominations.,92453,2003,2,22
Brother Bear 2,2006,Ben Gluck,2 nominations.,13878,2006,0,2
Buffalo Dreams,2005,David Jackson,3 nominations.,436,2005,0,3
Bug Juice: My Adventures at Camp,2018,N/A,N/A,23,2018,0,0
null,0,null,null,null,0,0,0
Burn-E,2008,Angus MacLane,N/A,9708,2008,0,0
Cadet Kelly,2002,Larry Shaw,N/A,12570,2002,0,0
Camp Nowhere,1994,Jonathan Prince,N/A,8448,1994,0,0
Camp Rock,2008,Matthew Diamond,2 wins & 7 nominations.,28782,2008,2,7
Camp Rock 2: The Final Jam,0,"Comedy, Family, Music, Musical, Romance",USA,5,0,0,0
Can of Worms,1999,Paul Schneider,N/A,756,1999,0,0
Candleshoe,1977,Norman Tokar,N/A,3479,1977,0,0
Canine Caddy,1941,Clyde Geronimi,N/A,269,1941,0,0
null,0,null,null,null,0,0,0
Cars,2006,"John Lasseter, Joe Ranft(co-director)",Nominated for 2 Oscars. Another 28 wins & 32 nominations.,349674,2006,28,34
Cars 2,2011,"John Lasseter, Bradford Lewis(co-director)",Nominated for 1 Golden Globe. Another 1 win & 18 nominations.,150876,2011,1,19
Cars 3,2017,Brian Fee,1 win & 23 nominations.,68243,2017,1,23
null,0,null,null,null,0,0,0
El Materdor,2008,"John Lasseter, Rob Gibbs(co-director), Victor Navone(co-director)",N/A,283,2008,0,0
null,0,null,null,null,0,0,0
null,0,null,null,null,0,0,0
null,0,null,null,null,0,0,0
null,0,null,null,null,0,0,0
null,0,null,null,null,0,0,0
Moon Mater,2010,Rob Gibbs,N/A,178,2010,0,0
Rescue Squad Mater,2008,"John Lasseter, Rob Gibbs(co-director), Victor Navone(co-director)",N/A,272,2008,0,0
Spinning,2013,"Jeremy Lasky, Dylan Brown",N/A,56,2013,0,0
null,0,null,null,null,0,0,0
Time Travel Mater,2012,Rob Gibbs,N/A,535,2012,0,0
Tokyo Mater,0,"January 1, 2020","Larry the Cable Guy, Keith Ferguson, Michael Wallis, Mach Tony Kobayashi",null,0,0,0
Unidentified Flying Mater,2009,"John Lasseter, Rob Gibbs(co-director)",N/A,316,2009,0,0
Bugged,2013,"Jeremy Lasky, Dylan Brown",N/A,48,2013,0,0
Casebusters,1986,Wes Craven,1 nomination.,50,1986,0,1
Cheaper by the Dozen,2003,Shawn Levy,2 wins & 7 nominations.,90580,2003,2,7
Cheetah,1989,Jeff Blyth,1 nomination.,801,1989,0,1
Chef Donald,1941,Jack King,N/A,764,1941,0,0
Chicken Little,2005,Mark Dindal,4 wins & 15 nominations.,82825,2005,4,15
Chip 'n' Dale Rescue Rangers,1988,N/A,1 nomination.,16431,1989,0,1
Chip an' Dale,1947,Jack Hannah,N/A,1223,1947,0,0
Cinderella,1950,"Clyde Geronimi, Wilfred Jackson, Hamilton Luske",Nominated for 3 Oscars. Another 6 wins & 4 nominations.,139378,1950,6,7
Cinderella 2: Dreams Come True,2001,John Kafka,7 nominations.,9985,2002,0,7
Cinderella 3: A Twist in Time,2007,Frank Nissen,N/A,8691,2007,0,0
Clock Cleaners,1937,Ben Sharpsteen,N/A,1987,1937,0,0
Cloud 9,2014,Paul Hoen,N/A,3482,2014,0,0
Coco,2017,"Lee Unkrich, Adrian Molina(co-director)",Won 2 Oscars. Another 108 wins & 36 nominations.,333411,2017,110,36
null,0,null,null,null,0,0,0
College Road Trip,2008,Roger Kumble,1 nomination.,14974,2008,0,1
Confessions of a Teenage Drama Queen,2004,Sara Sugarman,1 win.,26686,2004,1,0
Continent 7: Antarctica,2016,N/A,N/A,93,2016,0,0
Cool Runnings,1993,Jon Turteltaub,2 wins & 2 nominations.,88123,1993,2,2
Coop and Cami Ask the World,2018,N/A,N/A,267,0,0,0
null,0,null,null,null,0,0,0
Corn Chips,1951,Jack Hannah,N/A,483,1951,0,0
Cow Belles,2006,Francine McDougall,N/A,5625,2006,0,0
Crash & Bernstein,2012,N/A,N/A,599,2012,0,0
Dadnapped,2009,Paul Hoen,N/A,2634,2009,0,0
Darby O'Gill and the Little People,1959,Robert Stevenson,N/A,6664,1960,0,0
Darkwing Duck,1991,N/A,1 win & 11 nominations.,13689,1991,1,11
Davy Crockett and the River Pirates,0,"November 12, 2019","Fess Parker, Buddy Ebsen, Jeff York, Kenneth Tobey",null,0,0,0
Davy Crockett: King of the Wild Frontier,1955,Norman Foster,N/A,3316,1955,0,0
Day & Night,2010,Teddy Newton,Nominated for 1 Oscar. Another 3 wins.,16108,2010,3,1
Decorating Disney: Holiday Magic,2017,N/A,N/A,40,2017,0,0
Deep Blue,2003,"Andy Byatt, Alastair Fothergill",N/A,2791,2004,0,0
Descendants 2,2017,Kenny Ortega,3 nominations.,7218,2017,0,3
Descendants 3,2019,Kenny Ortega,2 nominations.,4072,2019,0,2
Destino,2003,Dominique Monfery,Nominated for 1 Oscar. Another 6 wins & 1 nomination.,3695,2003,6,2
Diana: In Her Own Words,2017,"Tom Jennings, David Tillman",2 wins.,1291,2017,2,0
Diary of a Future President,2020,N/A,N/A,333,2020,0,0
Diary of a Wimpy Kid,2010,Thor Freudenthal,5 wins & 9 nominations.,40808,2010,5,9
Dinosaur,2000,"Eric Leighton, Ralph Zondag",4 wins & 21 nominations.,50895,2000,4,21
Adventures in Babysitting,2016,John Schultz,2 nominations.,2582,2016,0,2
Amphibia,2019,N/A,N/A,912,2019,0,0
Avalon High,2010,Stuart Gillard,1 win & 3 nominations.,5133,2010,1,3
Bad Hair Day,2015,Erik Canuel,N/A,2363,2015,0,0
Big Hero 6: The Series,2017,N/A,Nominated for 1 Primetime Emmy. Another 1 win & 3 nominations.,1154,2017,1,4
Bizaardvark,2016,N/A,2 wins & 7 nominations.,1565,2016,2,7
Den Brother,2010,Mark L. Taylor,N/A,1666,2010,0,0
Descendants,2015,Kenny Ortega,Nominated for 1 Primetime Emmy. Another 2 wins & 2 nominations.,14470,2015,2,3
Descendants: Wicked World,2015,N/A,1 nomination.,707,2015,0,1
null,0,null,null,null,0,0,0
The Evermoor Chronicles,2014,N/A,1 nomination.,396,2014,0,1
Family Sundays,2019,N/A,N/A,9,2019,0,0
Fancy Nancy,2018,N/A,2 nominations.,193,2018,0,2
Fast Layne,2019,N/A,N/A,144,2019,0,0
null,0,null,null,null,0,0,0
Girl Vs. Monster,2012,Stuart Gillard,1 win & 2 nominations.,2403,2012,1,2
Gravity Falls,2012,N/A,Won 2 Primetime Emmys. Another 11 wins & 34 nominations.,63771,2012,13,34
null,0,null,null,null,0,0,0
I Didn't Do It,2014,N/A,N/A,2047,0,0,0
Insider,2020,N/A,N/A,5,2020,0,0
Jake and the Never Land Pirates,2011,N/A,3 wins & 9 nominations.,1227,2011,3,9
Jonas,2009,N/A,Nominated for 1 Primetime Emmy. Another 5 wins & 6 nominations.,5555,2009,5,7
Disney Junior Music Nursery Rhymes,2018,N/A,N/A,null,0,0,0
K.C. Undercover,2015,N/A,Nominated for 2 Primetime Emmys. Another 4 wins & 7 nominations.,2979,2015,4,9
null,0,null,null,null,0,0,0
Lab Rats: Elite Force,2016,N/A,1 win & 1 nomination.,837,2016,1,1
Legend of the Three Caballeros,2018,N/A,N/A,153,2019,0,0
null,0,null,null,null,0,0,0
Mickey Mouse Clubhouse,2006,N/A,1 win & 14 nominations.,2253,2006,1,14
Milo Murphy's Law,2016,N/A,6 nominations.,1578,2016,0,6
Minnie's Bow-Toons,2011,N/A,1 win & 1 nomination.,35,2011,1,1
Phineas and Ferb: Star Wars,2014,"Robert Hughes, Sue Perrotto",N/A,492,2014,0,0
null,0,null,null,null,0,0,0
null,0,null,null,null,0,0,0
Randy Cunningham: 9th Grade Ninja,2012,N/A,1 win & 4 nominations.,652,2012,1,4
Raven's Home,2017,N/A,2 wins & 6 nominations.,2046,2017,2,6
Star vs. the Forces of Evil,2015,N/A,5 wins & 13 nominations.,9623,0,5,13
Stuck in the Middle,2016,N/A,4 wins & 4 nominations.,1291,2016,4,4
Sydney to the Max,2019,N/A,N/A,223,0,0,0
Take Two with Phineas and Ferb,2010,N/A,N/A,186,2010,0,0
null,0,null,null,null,0,0,0
The Lion Guard,2016,N/A,10 nominations.,1371,2016,0,10
Under the Sea: A Descendants Story,2018,Hasraf Dulull,N/A,181,2018,0,0
Vampirina,2017,N/A,1 win & 4 nominations.,530,2017,1,4
null,0,null,null,null,0,0,0
Adventures of the Gummi Bears,1985,N/A,5 nominations.,8913,1985,0,5
Disney's Doug,1996,N/A,2 nominations.,282,1996,0,2
DuckTales,1987,N/A,2 wins & 5 nominations.,27880,1987,2,5
null,0,null,null,null,0,0,0
Holiday Magic,0,N/A,N/A,null,0,0,0
Hercules,1998,N/A,2 wins & 4 nominations.,9244,1998,2,4
Kim Possible,2002,N/A,Nominated for 1 Primetime Emmy. Another 1 win & 14 nominations.,22207,2002,1,15
Little Einsteins,2005,N/A,4 nominations.,1143,2005,0,4
Mighty Ducks,1996,N/A,1 win & 3 nominations.,1155,1996,1,3
Recess,1997,N/A,1 win & 13 nominations.,21355,1997,1,13
The Emperor's New School,2006,N/A,4 wins & 3 nominations.,3977,2006,4,3
The Kid,2000,Jon Turteltaub,1 win & 3 nominations.,39194,2000,1,3
The Little Mermaid,1992,N/A,12 nominations.,3701,1992,0,12
Disneyland Around the Seasons,1966,Hamilton Luske,N/A,null,0,0,0
African Cats,2011,"Keith Scholey, Alastair Fothergill(co-director)",3 nominations.,6043,2011,0,3
Bears,2014,"Alastair Fothergill, Keith Scholey, Adam Chapman(co-director)",2 nominations.,6262,2014,0,2
Born in China,0,79 min,"English, Chinese",57,0,0,0
Chimpanzee,2012,"Alastair Fothergill, Mark Linfield",2 nominations.,5708,2012,0,2
The Crimson Wing: Mystery of the Flamingos,2008,"Matthew Aeberhard, Leander Ward",1 win & 1 nomination.,1024,2009,1,1
Monkey Kingdom,2015,"Mark Linfield, Alastair Fothergill(co-director)",2 wins & 1 nomination.,3529,2015,2,1
Penguins,2019,"Alastair Fothergill, Jeff Wilson",1 nomination.,1093,2019,0,1
Disneynature: Wings of Life,2011,Louie Schwartzberg,N/A,442,2013,0,0
Diving with Dolphins,2020,Keith Scholey,N/A,18,2020,0,0
Doc McStuffins,0,"Animation, Short, Family, Fantasy, Music, Musical","USA, Ireland",6,0,0,0
Doctor Dolittle,1998,Betty Thomas,4 wins & 11 nominations.,89150,1998,4,11
Dr. Dolittle 2,2001,Steve Carr,3 wins & 6 nominations.,40531,2001,3,6
Dog Whisperer with Cesar Millan,2004,N/A,Nominated for 3 Primetime Emmys. Another 2 wins & 2 nominations.,2539,0,2,5
Dog: Impossible,2019,N/A,N/A,null,2019,0,0
Dolphin Reef,2020,Keith Scholey,N/A,566,2020,0,0
Don's Fountain of Youth,0,"Animation, Short, Comedy",USA,7,0,0,0
Don't Look Under the Bed,1999,Kenneth Johnson,1 nomination.,2421,1999,0,1
Donald's Dog Laundry,1940,Jack King,N/A,572,1940,0,0
Donald's Golf Game,0,"Animation, Short, Comedy, Family, Sport",USA,6,0,0,0
Donald's Tire Trouble,1943,Dick Lundy,N/A,416,1943,0,0
Double Dribble,1946,Jack Hannah,N/A,318,1946,0,0
Double Teamed,2002,Duwayne Dunham,N/A,2820,2002,0,0
Doug's 1st Movie,1999,Maurice Joyce,1 nomination.,2868,1999,0,1
"Dr. Oakley, Yukon Vet",2014,N/A,N/A,323,2014,0,0
"Dr. T, Lone Star Vet",2019,N/A,N/A,17,2019,0,0
Dragon Around,1954,Jack Hannah,N/A,345,1954,0,0
Drain Alcatraz,2017,Wayne Abbott,N/A,13,2017,0,0
Drain the Bermuda Triangle,2014,Jobim Sampson,N/A,47,2014,0,0
Drain the Great Lakes,2011,"Wayne Abbott, Crispin Sadler",N/A,10,2011,0,0
Drain the Ocean: WWII,2016,Mike Slee,N/A,49,2016,0,0
Drain the Oceans,2018,N/A,1 win.,220,2018,1,0
Drain the Sunken Pirate City,2017,Sophie Elwin-Harris,N/A,11,0,0,0
Drain the Titanic,2015,Jobim Sampson,N/A,41,0,0,0
DuckTales,2017,N/A,2 wins & 12 nominations.,5051,2017,2,12
DuckTales the Movie: Treasure of the Lost Lamp,1990,Bob Hathcock,1 nomination.,24234,1990,0,1
Dug's Special Mission,2009,Ronnie Del Carmen,N/A,5161,2009,0,0
Dumbo,2019,Tim Burton,3 wins & 12 nominations.,58882,2019,3,12
null,0,null,null,null,0,0,0
Earth Live,2017,Glenn Weiss,N/A,24,2017,0,0
Easter Island Underworld,2009,Geoffrey Luck,N/A,12,2009,0,0
Eddie's Million Dollar Cook-Off,2003,Paul Hoen,N/A,2304,2003,0,0
Eight Below,2006,Frank Marshall,2 wins & 2 nominations.,58850,2006,2,2
Elena of Avalor,2016,N/A,Nominated for 1 Primetime Emmy. Another 7 wins & 17 nominations.,998,2016,7,18
null,0,null,null,null,0,0,0
Elephant,2020,"Mark Linfield, Vanessa Berlowitz(co-director)",N/A,61,2020,0,0
Elmer Elephant,1936,Wilfred Jackson,N/A,991,1936,0,0
Emil and the Detectives,1964,Peter Tewksbury,N/A,390,1964,0,0
Empire of Dreams: The Story of the 'Star Wars' Trilogy,2004,"Edith Becker, Kevin Burns",Nominated for 1 Primetime Emmy. Another 1 win.,3772,2004,1,1
Encore!,2019,N/A,N/A,235,2019,0,0
Escape to Witch Mountain,1975,John Hough,N/A,8810,1975,0,0
Even Stevens,2000,N/A,6 wins & 20 nominations.,13163,2000,6,20
Expedition Amelia,2019,N/A,N/A,10,2019,0,0
Expedition Mars,2016,N/A,N/A,18,2016,0,0
Disney's Fairy Tale Weddings,2017,N/A,1 win.,47,2017,1,0
Fantasia,1940,"James Algar, Samuel Armstrong, Ford Beebe Jr., Norman Ferguson, David Hand, Jim Handley, T. Hee, Wilfred Jackson, Hamilton Luske, Bill Roberts, Paul Satterfield, Ben Sharpsteen",8 wins & 1 nomination.,84999,1941,8,1
Fantasia 2000,1999,"James Algar, Gaëtan Brizzi, Paul Brizzi, Hendel Butoy, Francis Glebas, Eric Goldberg, Don Hahn, Pixote Hunt",4 wins & 7 nominations.,33785,2000,4,7
Fantastic Four: The Animated Series,1994,N/A,N/A,2886,1994,0,0
Fantastic Four: World's Greatest Heroes,2006,N/A,N/A,1921,0,0,0
Ferdinand the Bull,1938,Dick Rickard,N/A,2254,1938,0,0
Finding Dory,2016,"Andrew Stanton, Angus MacLane(co-director)",Nominated for 1 BAFTA Film Award. Another 17 wins & 45 nominations.,227414,2016,17,46
Finding Nemo,2003,"Andrew Stanton, Lee Unkrich(co-director)",Won 1 Oscar. Another 49 wins & 62 nominations.,911647,2003,50,62
null,0,null,null,null,0,0,0
First Kid,1996,David Mickey Evans,1 nomination.,9855,1996,0,1
Fish Hooks,2010,N/A,2 wins & 1 nomination.,2882,2010,2,1
Flight of the Navigator,1986,Randal Kleiser,4 nominations.,42322,1986,0,4
Float,2019,Bobby Rubio,N/A,1031,2019,0,0
Flowers and Trees,1932,Burt Gillett,N/A,1547,1932,0,0
Flubber,0,"Comedy, Family, Sci-Fi","Robin Williams, Marcia Gay Harden, Christopher McDonald, Ted Levine",null,0,0,0
null,0,null,null,null,0,0,0
For the Birds,2000,Ralph Eggleston,Won 1 Oscar. Another 5 wins & 2 nominations.,28126,2001,6,2
null,0,null,null,null,0,0,0
null,0,null,null,null,0,0,0
null,0,null,null,null,0,0,0
null,0,null,null,null,0,0,0
null,0,null,null,null,0,0,0
What is Cheese?,2020,Bob Peterson,N/A,26,2020,0,0
null,0,null,null,null,0,0,0
null,0,null,null,null,0,0,0
What is Reading?,2020,Bob Peterson,N/A,32,2020,0,0
null,0,null,null,null,0,0,0
Frank and Ollie,1995,Theodore Thomas,1 win.,524,1995,1,0
Frankenweenie,2012,Tim Burton,Nominated for 1 Oscar. Another 11 wins & 49 nominations.,94078,2012,11,50
Frankenweenie,1984,Tim Burton,1 nomination.,10736,1984,0,1
Freaky Friday,1976,Gary Nelson,N/A,11109,1977,0,0
Freaky Friday,2003,Mark Waters,Nominated for 1 Golden Globe. Another 5 wins & 10 nominations.,120172,2003,5,11
Freaky Friday,2018,Steve Carr,N/A,916,2018,0,0
Free Solo,2018,"Jimmy Chin, Elizabeth Chai Vasarhelyi",Won 1 Oscar. Another 29 wins & 54 nominations.,46710,2018,30,54
Frenemies,2012,Daisy von Scherler Mayer,3 nominations.,3969,2012,0,3
Frozen,2013,"Chris Buck, Jennifer Lee","Kristen Bell, Idina Menzel, Jonathan Groff, Josh Gad",null,2013,0,0
Frozen II,2019,"Chris Buck, Jennifer Lee", Robert Lopez (story by),null,2019,0,0
Full-Court Miracle,2003,Stuart Gillard,4 nominations.,816,2003,0,4
Fun and Fancy Free,0,"November 12, 2019","Edgar Bergen, Dinah Shore, Luana Patten, Anita Gordon",null,0,0,0
Fuzzbucket,0,46 min,English,null,0,0,0
G-Force,2009,Hoyt Yeatman,1 win & 1 nomination.,41151,2009,1,1
Gargoyles,1994,N/A,1 win & 11 nominations.,13699,1994,1,11
Geek Charming,2011,Jeffrey Hornaday,1 nomination.,10723,2011,0,1
Genius,1999,Rod Daniel,2 nominations.,1570,1999,0,2
null,0,null,null,null,0,0,0
George of the Jungle,1997,Sam Weisman,1 win & 3 nominations.,68409,1997,1,3
George of the Jungle 2,2003,David Grossman,N/A,6039,2003,0,0
Geri's Game,1997,Jan Pinkava,Won 1 Oscar. Another 8 wins & 1 nomination.,21679,1997,9,1
Get a Clue,2002,Maggie Greenwald,N/A,5713,2002,0,0
null,0,null,null,null,0,0,0
Girl Meets World,2014,N/A,Nominated for 3 Primetime Emmys. Another 3 wins & 16 nominations.,12220,2014,3,19
Glory Road,2006,James Gartner,2 wins & 3 nominations.,41442,2006,2,3
Go Figure,2005,Francine McDougall,1 nomination.,3121,2005,0,1
Going to the Mat,2004,Stuart Gillard,1 win & 3 nominations.,1212,2004,1,3
Good Luck Charlie,2010,N/A,Nominated for 3 Primetime Emmys. Another 4 wins & 20 nominations.,17475,2010,4,23
"Good Luck Charlie, It's Christmas!",2011,Arlene Sanford,N/A,4577,2011,0,0
Goof Troop,1992,N/A,1 win & 2 nominations.,7293,1992,1,2
Gordon Ramsay: Uncharted,2019,N/A,1 nomination.,316,2019,0,1
Gotta Kick It Up!,2002,Ramón Menéndez,2 nominations.,1551,2002,0,2
null,0,null,null,null,0,0,0
The Grasshopper and the Ants,1934,Wilfred Jackson,N/A,1304,1934,0,0
Great Migrations,2010,N/A,3 wins & 1 nomination.,694,2010,3,1
Greyfriars Bobby: The True Story of a Dog,1961,Don Chaffey,N/A,1203,1961,0,0
Gus,1976,Vincent McEveety,N/A,1481,1976,0,0
Hacksaw,1971,Larry Lansburgh,N/A,36,1971,0,0
Halloweentown,1998,Duwayne Dunham,2 nominations.,11872,1998,0,2
Halloweentown High,2004,Mark A.Z. Dippé,N/A,5443,2004,0,0
Halloweentown II: Kalabar's Revenge,0,"Adventure, Family, Fantasy",USA,6,0,0,0
Handy Manny,2006,N/A,8 wins & 1 nomination.,1288,0,8,1
Hannah Montana,2006,N/A,Nominated for 4 Primetime Emmys. Another 20 wins & 24 nominations.,35066,2006,20,28
Hannah Montana and Miley Cyrus: Best of Both Worlds Concert,2008,Bruce Hendricks,1 win.,8392,2008,1,0
Hannah Montana: The Movie,2009,Peter Chelsom,6 wins & 10 nominations.,38414,2009,6,10
null,0,null,null,null,0,0,0
Hatching Pete,2009,Stuart Gillard,1 nomination.,2324,2009,0,1
Hawaiian Holiday,1937,Ben Sharpsteen,N/A,823,1937,0,0
Heavyweights,1995,Steven Brill,N/A,24212,1995,0,0
Henry Hugglemonster,2013,N/A,2 wins & 3 nominations.,312,2013,2,3
Herbie Goes Bananas,1980,Vincent McEveety,2 nominations.,4958,1980,0,2
Herbie Goes to Monte Carlo,1977,Vincent McEveety,N/A,6553,1977,0,0
Herbie Rides Again,1974,Robert Stevenson,N/A,7035,1974,0,0
Herbie Fully Loaded,2005,Angela Robinson,2 wins & 6 nominations.,43653,2005,2,6
Hercules,1997,"Ron Clements, John Musker",Nominated for 1 Oscar. Another 9 wins & 15 nominations.,195894,1997,9,16
High School Musical,2006,Kenny Ortega,Won 2 Primetime Emmys. Another 8 wins & 18 nominations.,77328,2006,10,18
High School Musical 2,2007,Kenny Ortega,Nominated for 2 Primetime Emmys. Another 4 wins & 7 nominations.,52782,2007,4,9
High School Musical 3,2008,Kenny Ortega,8 wins & 9 nominations.,55628,2008,8,9
High School Musical: The Musical - The Series,2019,N/A,1 nomination.,2038,2019,0,1
null,0,null,null,null,0,0,0
High School Musical: The Musical: The Series: The Special,2019,Clayton Cogswell,N/A,14,2019,0,0
Hocus Pocus,1993,Kenny Ortega,2 wins & 11 nominations.,89713,1993,2,11
Holes,2003,Andrew Davis,3 wins & 9 nominations.,74143,2003,3,9
Home Alone 3,1997,Raja Gosnell,3 nominations.,101062,1997,0,3
Home on the Range,2004,"Will Finn, John Sanford",5 nominations.,19123,2004,0,5
Homeward Bound II: Lost in San Francisco,1996,David R. Ellis,3 nominations.,13127,1996,0,3
Homeward Bound: The Incredible Journey,1993,Duwayne Dunham,1 nomination.,40421,1993,0,1
"Honey, I Blew Up the Kid",1992,Randal Kleiser,10 nominations.,39775,1992,0,10
"Honey, I Shrunk the Kids",1989,Joe Johnston,Won 1 BAFTA Film Award. Another 1 win & 10 nominations.,137074,1989,2,10
"Honey, We Shrunk Ourselves!",1997,Dean Cundey,N/A,12439,1997,0,0
Horse Sense,1999,Greg Beeman,1 nomination.,1485,1999,0,1
Hostile Planet,2019,N/A,Nominated for 2 Primetime Emmys. Another 1 nomination.,382,2019,0,3
Hounded,2001,Neal Israel,N/A,894,2001,0,0
How Dogs Got Their Shapes,2016,Keith Haskel,N/A,34,2016,0,0
How to Build a Better Boy,2014,Paul Hoen,2 nominations.,2484,2014,0,2
How to Fish,1942,Jack Kinney,N/A,367,1942,0,0
How to Play Baseball,1942,Jack Kinney,N/A,462,1942,0,0
How to Play Football,1944,Jack Kinney,N/A,826,1944,0,0
How to Swim,1942,Jack Kinney,N/A,386,1942,0,0
Hulk and the Agents of S.M.A.S.H.,2013,N/A,12 nominations.,2473,2013,0,12
I'll Be Home for Christmas,1998,Arlene Sanford,N/A,8812,1998,0,0
Ice Age,2002,"Chris Wedge, Carlos Saldanha(co-director)",Nominated for 1 Oscar. Another 5 wins & 29 nominations.,421204,2002,5,30
Ice Age: The Great Egg-Scapade,2016,"Paul Stodolny, Ricardo Curtis, Steve Martino, Mike Thurmeier",N/A,2814,2016,0,0
Ice Princess,2005,Tim Fywell,N/A,23891,2005,0,0
Imagination Movers,2008,N/A,2 wins & 5 nominations.,682,2008,2,5
null,0,null,null,null,0,0,0
In the Footsteps of Elephant,2020,"Vanessa Berlowitz, Tom Stephens(co-director)",N/A,17,2020,0,0
Incredible! The Story of Dr. Pol,2015,N/A,N/A,null,2015,0,0
null,0,null,null,null,0,0,0
Inside Out,2015,"Pete Docter, Ronnie Del Carmen(co-director)",Won 1 Oscar. Another 97 wins & 114 nominations.,577209,2015,98,114
Inspector Gadget,1999,David Kellogg,1 win & 13 nominations.,43808,1999,1,13
Inspector Gadget 2,2003,Alex Zamm,4 nominations.,5423,2003,0,4
Into the Canyon,2019,Peter McBride,N/A,94,2019,0,0
Into the Okavango,2018,Neil Gelinas,1 win & 2 nominations.,183,2018,1,2
Invincible,2006,Ericson Core,2 nominations.,63682,2006,0,2
Invisible Sister,2015,Paul Hoen,1 nomination.,2240,2015,0,1
Iron Man,1994,N/A,N/A,2638,1994,0,0
Iron Man: Armored Adventures,2008,N/A,N/A,2671,0,0,0
Iron Will,1994,Charles Haid,N/A,7095,1994,0,0
null,0,null,null,null,0,0,0
Jack,1996,Francis Ford Coppola,6 nominations.,54474,1996,0,6
Jack-Jack Attack,2005,Brad Bird,1 win & 1 nomination.,13829,2008,1,1
James and the Giant Peach,1996,Henry Selick,Nominated for 1 Oscar. Another 4 wins & 9 nominations.,57814,1996,4,10
Jane,2017,Brett Morgen,Won 2 Primetime Emmys. Another 34 wins & 37 nominations.,3897,2017,36,37
null,0,null,null,null,0,0,0
Jessie,2011,N/A,2 wins & 12 nominations.,11715,2011,2,12
Episode #2.7,2013,N/A,N/A,null,2013,0,0
John Carter,2012,Andrew Stanton,2 wins & 8 nominations.,248903,2012,2,8
Johnny Kapahala: Back on Board,2007,Eric Bross,2 wins.,1922,2007,2,0
Johnny Tsunami,1999,Steve Boyum,1 nomination.,4615,1999,0,1
Jonas Brothers: The 3D Concert Experience,0,"Documentary, Music",USA,1,0,0,0
Nature Untamed,2008,N/A,N/A,null,0,0,0
Journey to the Center of the Earth,1959,Henry Levin,Nominated for 3 Oscars. Another 1 win & 2 nominations.,15008,1959,1,5
Jump In!,2007,Paul Hoen,2 wins & 2 nominations.,6574,2007,2,2
Jumping Ship,2001,Michael Lange,N/A,1603,2001,0,0
Jungle 2 Jungle,1997,John Pasquin,3 nominations.,22111,1997,0,3
Jungle Cat,1960,James Algar,1 win & 1 nomination.,205,1960,1,1
Justin Morgan Had a Horse,1972,Hollingsworth Morse,N/A,125,1972,0,0
Kazaam,1996,Paul Michael Glaser,2 nominations.,22405,1996,0,2
Kickin' It,2011,N/A,2 wins & 8 nominations.,4372,2011,2,8
Kim Possible,2019,"Zach Lipovsky, Adam B. Stein",N/A,2030,2019,0,0
Kim Possible: So the Drama,2005,Steve Loter,1 nomination.,3728,2005,0,1
null,0,null,null,null,0,0,0
Kingdom of the Blue Whale,2009,N/A,N/A,77,2009,0,0
Kingdom of the White Wolf,2019,N/A,N/A,56,2019,0,0
Kitbull,2019,Rosana Sullivan,Nominated for 1 Oscar. Another 1 win.,3834,2019,1,1
null,0,null,null,null,0,0,0
Kronk's New Groove,2005,"Saul Blinkoff, Elliot M. Bour",8 nominations.,10599,2005,0,8
La Luna,2011,Enrico Casarosa,Nominated for 1 Oscar. Another 1 win & 1 nomination.,12217,2012,1,2
Lab Rats,2012,N/A,1 win & 5 nominations.,4349,0,1,5
Lady and the Tramp,2019,Charlie Bean,4 nominations.,12134,2019,0,4
Lady and the Tramp,1955,"Clyde Geronimi, Wilfred Jackson, Hamilton Luske",Nominated for 1 BAFTA Film Award. Another 1 win & 1 nomination.,116990,1955,1,2
Lady and the Tramp 2: Scamp's Adventure,2001,"Darrell Rooney, Jeannine Roussel(co-director)",1 win & 7 nominations.,9837,2001,1,7
Lambert the Sheepish Lion,1952,Jack Hannah,N/A,1848,1952,0,0
Lamp Life,2020,Valerie LaPointe,N/A,980,2020,0,0
null,0,null,null,null,0,0,0
Lego Frozen Northern Lights,2016,N/A,N/A,401,2016,0,0
Lego Star Wars: All-Stars,2018,N/A,N/A,127,2018,0,0
null,0,null,null,null,0,0,0
Lego Star Wars: Droid Tales,2015,N/A,1 nomination.,617,2015,0,1
LEGO Star Wars: The Resistance Rises,2016,N/A,N/A,17,2016,0,0
Lego Star Wars: The Freemaker Adventures,2016,N/A,1 win & 7 nominations.,680,2016,1,7
null,0,null,null,null,0,0,0
The New Yoda Chronicles: Clash of the Skywalkers,2014,Michael Hegner,N/A,54,2014,0,0
The New Yoda Chronicles: Raid on Coruscant,2014,Michael Hegner,N/A,65,2014,0,0
null,0,null,null,null,0,0,0
The New Yoda Chronicles: Escape from the Jedi Temple,2014,Michael Hegner,N/A,161,2014,0,0
Lego Star Wars: The Yoda Chronicles,2013,N/A,2 nominations.,364,0,0,2
Lemonade Mouth,2011,Patricia Riggen,2 nominations.,13515,2011,0,2
Lend a Paw,1941,Clyde Geronimi,N/A,803,1941,0,0
Leroy & Stitch,2006,"Tony Craig, Roberts Gannaway",1 nomination.,4565,2006,0,1
Let It Shine,2012,Paul Hoen,4 wins & 6 nominations.,2731,2012,4,6
Let's Stick Together,1952,Jack Hannah,N/A,221,1952,0,0
Life Below Zero,2013,N/A,Won 4 Primetime Emmys. Another 5 nominations.,1429,2013,4,5
Life Is Ruff,2005,Charles Haid,N/A,1205,2005,0,0
Life with Mikey,1993,James Lapine,2 wins & 2 nominations.,5221,1993,2,2
Life-Size 2,2018,Steven K. Tsuchida,1 nomination.,727,2018,0,1
Lifted,2006,Gary Rydstrom,N/A,17178,2007,0,0
Lilo & Stitch,2002,"Dean DeBlois, Chris Sanders",Nominated for 1 Oscar. Another 10 wins & 26 nominations.,160264,2002,10,27
Lilo & Stitch: The Series,2003,N/A,2 nominations.,7344,2003,0,2
Lilo & Stitch 2: Stitch Has a Glitch,2005,"Michael LaBash, Tony Leondis",2 wins & 13 nominations.,11210,2005,2,13
Lizzie McGuire,2001,N/A,Nominated for 2 Primetime Emmys. Another 8 wins & 20 nominations.,16649,2001,8,22
Lonesome Ghosts,1937,Burt Gillett,N/A,1838,1937,0,0
Loop,2020,Erica Milsom,N/A,362,2020,0,0
Lost Cities with Albert Lin,2019,N/A,N/A,63,2019,0,0
null,0,null,null,null,0,0,0
Lost Treasures of the Maya,2018,Ben Crichton,N/A,56,2018,0,0
Lou,2017,Dave Mullins,Nominated for 1 Oscar. Another 2 nominations.,5581,2017,0,3
null,0,null,null,null,0,0,0
The Luck of the Irish,2001,Paul Hoen,N/A,6337,2001,0,0
null,0,null,null,null,0,0,0
Playdate with Destiny,2020,David Silverman,N/A,686,2020,0,0
Magician Mickey,1937,David Hand,N/A,818,1937,0,0
null,0,null,null,null,0,0,0
null,0,null,null,null,0,0,0
Man Among Cheetahs,2017,N/A,N/A,15,2017,0,0
Mars Needs Moms,2011,Simon Wells,2 nominations.,20441,2011,0,2
MARS: Inside SpaceX,2018,Julia Reagan,N/A,534,2018,0,0
Marvel 75 Years: From Pulp to Pop!,2014,Zak Knutson,N/A,594,2014,0,0
Spider-Man: The Animated Series,1994,N/A,4 nominations.,24829,1994,0,4
The Incredible Hulk,1996,N/A,1 win.,2643,1996,1,0
X-Men: The Animated Series,1992,N/A,N/A,36206,1992,0,0
Marvel Rising: Battle of the Bands,2019,N/A,N/A,85,2019,0,0
Marvel Rising: Chasing Ghosts,2019,Alfred Gimeno,N/A,242,2019,0,0
Marvel Rising: Heart of Iron,2019,"Sol Choi, Alfred Gimeno",N/A,306,2019,0,0
Marvel Rising: Initiation,2018,N/A,N/A,255,2018,0,0
Marvel Rising: Operation Shuri,2019,"Chris Rutkowski, Eric Radomski",N/A,null,2019,0,0
Marvel Rising: Playing with Fire,2019,"Sol Choi, Eric Radomski",N/A,61,2019,0,0
Marvel Rising: Secret Warriors,2018,"Alfred Gimeno, Eric Radomski",N/A,854,2018,0,0
Marvel Studios: Assembling a Universe,2014,N/A,N/A,936,2014,0,0
null,0,null,null,null,0,0,0
Ant-Man,2015,Peyton Reed,Nominated for 1 BAFTA Film Award. Another 3 wins & 33 nominations.,540523,2015,3,34
Avengers: Age of Ultron,2015,Joss Whedon,8 wins & 47 nominations.,711205,2015,8,47
Avengers: Endgame,2019,"Anthony Russo, Joe Russo",Nominated for 1 Oscar. Another 64 wins & 102 nominations.,694527,2019,64,103
Black Panther,2018,Ryan Coogler,Won 3 Oscars. Another 108 wins & 265 nominations.,579293,2018,111,265
Captain America: Civil War,2016,"Anthony Russo, Joe Russo",16 wins & 68 nominations.,628016,2016,16,68
Captain America: The First Avenger,2011,Joe Johnston,4 wins & 46 nominations.,711603,2011,4,46
Captain America: The Winter Soldier,2014,"Anthony Russo, Joe Russo",Nominated for 1 Oscar. Another 5 wins & 50 nominations.,706555,2014,5,51
Captain Marvel,2019,"Anna Boden, Ryan Fleck",7 wins & 43 nominations.,406778,2019,7,43
Doctor Strange,2016,Scott Derrickson,Nominated for 1 Oscar. Another 20 wins & 65 nominations.,562696,2016,20,66
Guardians of the Galaxy,2014,James Gunn,Nominated for 2 Oscars. Another 52 wins & 100 nominations.,1007917,2014,52,102
Guardians of the Galaxy Vol. 2,2017,James Gunn,Nominated for 1 Oscar. Another 15 wins & 56 nominations.,537920,2017,15,57
Iron Man,2008,Jon Favreau,Nominated for 2 Oscars. Another 21 wins & 65 nominations.,910300,2008,21,67
Iron Man 2,2010,Jon Favreau,Nominated for 1 Oscar. Another 7 wins & 43 nominations.,693517,2010,7,44
Iron Man 3,2013,Shane Black,USA,7,2013,0,0
The Avengers,2012,Joss Whedon,Nominated for 1 Oscar. Another 38 wins & 79 nominations.,1225316,2012,38,80
Thor,2011,Kenneth Branagh,5 wins & 30 nominations.,717145,2011,5,30
Thor: Ragnarok,2017,Taika Waititi,6 wins & 48 nominations.,542938,2017,6,48
Thor: The Dark World,2013,Alan Taylor,3 wins & 21 nominations.,571192,2013,3,21
Marvel Super Hero Adventures,2017,N/A,3 nominations.,63,2017,0,3
Ultimate Spider-Man,2012,N/A,9 nominations.,9725,2012,0,9
Agent Carter,2015,N/A,14 nominations.,69458,2015,0,14
Ant-Man,2017,N/A,N/A,246,2017,0,0
Avengers Assemble,2013,N/A,11 nominations.,6168,2013,0,11
null,0,null,null,null,0,0,0
Marvel Future Avengers,2017,N/A,N/A,75,2017,0,0
Guardians of the Galaxy,2015,N/A,2 wins & 2 nominations.,2520,2015,2,2
null,0,null,null,null,0,0,0
Marvel's Hero Project,2019,N/A,N/A,97,2019,0,0
Inhumans,2017,N/A,N/A,20672,2017,0,0
Iron Man & Hulk: Heroes United,2013,"Eric Radomski, Leo Riley",N/A,2012,2013,0,0
Rocket & Groot,2017,N/A,N/A,160,2017,0,0
Runaways,2017,N/A,3 wins & 4 nominations.,20241,2017,3,4
Spider-Man,2017,N/A,1 nomination.,1440,2017,0,1
null,0,null,null,null,0,0,0
null,0,null,null,null,0,0,0
Mary Poppins,1964,Robert Stevenson,Won 5 Oscars. Another 15 wins & 17 nominations.,151417,1965,20,17
Mater and the Ghostlight,2006,"John Lasseter, Dan Scanlon(co-director)",N/A,7151,2006,0,0
Meet the Deedles,1998,Steve Boyum,1 win & 2 nominations.,2567,1998,1,2
Meet the Robinsons,2007,Stephen J. Anderson,USA,6,2007,0,0
Melody Time,1948,"Clyde Geronimi, Wilfred Jackson, Jack Kinney, Hamilton Luske",1 win.,4534,1948,1,0
null,0,null,null,null,0,0,0
Mickey Mouse,2013,N/A,Won 7 Primetime Emmys. Another 23 wins & 30 nominations.,1772,2013,30,30
The Mickey Mouse Club,1955,N/A,Won 1 Golden Globe. Another 1 nomination.,609,1955,1,1
Mickey Mouse Mixed-Up Adventures,2017,N/A,4 nominations.,335,2017,0,4
"Mickey, Donald, Goofy: The Three Musketeers",2004,Donovan Cook,1 win & 5 nominations.,7496,2004,1,5
Mickey's Birthday Party,1942,Riley Thomson,N/A,607,1942,0,0
Mickey's Christmas Carol,1983,"Burny Mattinson, Richard Rich", Don Griffith (story adaptation),null,1983,0,0
null,0,null,null,null,0,0,0
Mickey's Once Upon a Christmas,1999,"Jun Falkenstein, Alex Mann, Bradley Raymond, Toby Shelton, Bill Speers", Richard Cray (screenplay),null,1999,0,0
Mickey's Rival,1936,Wilfred Jackson,N/A,533,1936,0,0
Mickey's Trailer,1938,Ben Sharpsteen,N/A,2542,1938,0,0
Mickey's Twice Upon a Christmas,2004,"Carole Holliday, Matthew O'Callaghan, Theresa Cullen",1 win & 3 nominations.,3756,2004,1,3
Mighty Joe Young,1998,Ron Underwood,Nominated for 1 Oscar. Another 1 win & 3 nominations.,26795,1998,1,4
Mike's New Car,2002,"Pete Docter, Roger Gould",N/A,11759,2002,0,0
Mission Force One,2015,N/A,1 win & 4 nominations.,416,2015,1,4
Millions,2004,Danny Boyle,2 wins & 7 nominations.,24147,2005,2,7
Minutemen,2008,Lev L. Spiro,5 nominations.,5182,2008,0,5
Miracle,2004,Gavin O'Connor,2 wins & 4 nominations.,45667,2004,2,4
Miracle at Midnight,1998,Ken Cameron,3 wins & 1 nomination.,293,1998,3,1
Miracle in Lane 2,2000,Greg Beeman,3 wins & 3 nominations.,1835,2000,3,3
Miracle Landing on the Hudson,2014,Simon George,N/A,67,2014,0,0
Miracle on 34th Street,1947,George Seaton,Won 3 Oscars. Another 5 wins & 1 nomination.,38715,1947,8,1
Mission to the Sun,2018,Daniel M. Smith,N/A,51,2018,0,0
Moana,2016,"Ron Clements, John Musker, Don Hall(co-director), Chris Williams(co-director)",Nominated for 2 Oscars. Another 20 wins & 86 nominations.,250176,2016,20,88
Mom's Got a Date with a Vampire,2000,Steve Boyum,1 win & 3 nominations.,3300,2000,1,3
Monsters University,0,"Animation, Adventure, Comedy, Family, Fantasy",USA,7,0,0,0
"Monsters, Inc.",2001,"Pete Docter, David Silverman(co-director), Lee Unkrich(co-director)",Won 1 Oscar. Another 14 wins & 38 nominations.,779728,2001,15,38
Motocrossed,2001,Steve Boyum,3 nominations.,4203,2001,0,3
Mr. Boogedy,1986,Oz Scott,2 nominations.,1173,1986,0,2
Mr. Duck Steps Out,1940,Jack King,N/A,511,1940,0,0
Mr. Mouse Takes a Trip,1940,Clyde Geronimi,N/A,557,1940,0,0
Mulan,1998,"Tony Bancroft, Barry Cook",Nominated for 1 Oscar. Another 17 wins & 20 nominations.,237755,1998,17,21
Mulan II,2004,"Darrell Rooney, Lynne Southerland",1 nomination.,20851,2004,0,1
Muppet Babies,2018,N/A,1 win & 6 nominations.,329,2018,1,6
null,0,null,null,null,0,0,0
Muppet Moments,2015,N/A,N/A,6,2015,0,0
Muppet Treasure Island,1996,"Brian Henson, David Lane",5 nominations.,20293,1996,0,5
Muppets Most Wanted,2014,James Bobin,3 wins & 11 nominations.,30336,2014,3,11
"My Dog, the Thief: Part 1",1969,Robert Stevenson,N/A,77,1969,0,0
My Favorite Martian,1999,Donald Petrie,3 nominations.,12448,1999,0,3
My Friends Tigger & Pooh,2007,N/A,1 win & 9 nominations.,363,2007,1,9
National Treasure,2004,Jon Turteltaub,1 win & 9 nominations.,295236,2004,1,9
National Treasure: Book of Secrets,2007,Jon Turteltaub,1 win & 5 nominations.,212576,2007,1,5
Nature's Half Acre,1951,James Algar,Won 1 Oscar. Another 1 nomination.,86,1951,1,1
Newsies,1992,Kenny Ortega,1 win & 6 nominations.,18094,1992,1,6
Disney's Newsies: The Broadway Musical!,2017,"Jeff Calhoun, Brett Sullivan",N/A,1703,2017,0,0
Noelle,2019,Marc Lawrence,N/A,9752,2019,0,0
Now You See It...,2005,Duwayne Dunham,N/A,2047,2005,0,0
Olaf's Frozen Adventure,2017,"Kevin Deters, Stevie Wermers",3 nominations.,10650,2017,0,3
Old Dogs,2009,Walt Becker,5 nominations.,35534,2009,0,5
Old Yeller,1957,Robert Stevenson,2 wins.,11270,1959,2,0
Oliver & Company,1988,George Scribner, Steve Hulett (additional story material),null,1988,0,0
On Ice,1935,Ben Sharpsteen,N/A,1056,1935,0,0
Once Upon a Mattress,0,"November 12, 2019","Carol Burnett, Tracey Ullman, Denis O'Hare, Zooey Deschanel",null,0,0,0
One Day at Disney,2019,N/A,N/A,155,2019,0,0
null,0,null,null,null,0,0,0
One Hundred and One Dalmatians,1961,"Clyde Geronimi, Hamilton Luske, Wolfgang Reitherman",Won 1 BAFTA Film Award. Another 2 nominations.,146668,1961,1,2
One Magic Christmas,1985,Phillip Borsos,2 wins & 7 nominations.,2977,1985,2,7
One Man Band,2005,"Mark Andrews, Andrew Jimenez",N/A,13993,2006,0,0
One Strange Rock,2018,N/A,1 win & 3 nominations.,5420,2018,1,3
Onward,2020,Dan Scanlon,1 win.,45444,2020,1,0
Operation Dumbo Drop,1995,Simon Wincer,N/A,8265,1995,0,0
Origins: The Journey of Humankind,2017,N/A,N/A,344,2017,0,0
Out of Scale,1951,Jack Hannah,N/A,504,1951,0,0
Out of the Box,1998,N/A,1 nomination.,814,1998,0,1
Out There with Jack Randall,2019,N/A,N/A,5,2019,0,0
null,0,null,null,null,0,0,0
Paris to Pittsburgh,2018,"Sidney Beaumont, Michael Bonfiglio",N/A,9,2018,0,0
Partly Cloudy,0,"Animation, Short, Comedy, Family, Fantasy",USA,8,0,0,0
Party Central,2014,Kelsey Mann,N/A,1480,2014,0,0
Penguins: Life on the Edge,2020,"Alastair Fothergill, Jeff Wilson",N/A,6,2020,0,0
Perri,1957,"Paul Kenworthy, Ralph Wright",Nominated for 1 Oscar. Another 1 win.,272,1957,1,1
Pete's Dragon,1977,"Don Chaffey, Don Bluth",Nominated for 2 Oscars. Another 4 nominations.,21558,1977,0,6
Pete's Dragon,2016,David Lowery,3 wins & 7 nominations.,52020,2016,3,7
Peter Pan,1953,"Clyde Geronimi, Wilfred Jackson, Hamilton Luske, Jack Kinney",2 nominations.,120707,1953,0,2
Peter Pan 2: Return to Never Land,2002,"Robin Budd, Donovan Cook(co-director)",4 nominations.,17404,2002,0,4
Phantom of the Megaplex,2000,Blair Treu,3 nominations.,2570,2000,0,3
Phil of the Future,2004,N/A,6 nominations.,6479,2004,0,6
Phineas and Ferb,2007,N/A,Won 3 Primetime Emmys. Another 1 win & 40 nominations.,31287,2007,4,40
Phineas and Ferb the Movie: Across the 2nd Dimension,2011,"Robert Hughes, Dan Povenmire, Jay Lender, Jeff 'Swampy' Marsh, Kyle Menke",Nominated for 1 Primetime Emmy. Another 3 wins & 3 nominations.,7624,2011,3,4
Phineas and Ferb: Mission Marvel,2013,"Robert Hughes, Sue Perrotto",N/A,419,2013,0,0
Pick of the Litter,2019,N/A,N/A,null,2019,0,0
Piglet's Big Movie,2003,Francis Glebas,1 nomination.,6519,2003,0,1
Pinocchio,1940,"Norman Ferguson, T. Hee, Wilfred Jackson, Jack Kinney, Hamilton Luske, Bill Roberts, Ben Sharpsteen",Won 2 Oscars. Another 4 wins.,124261,1940,6,0
Piper,2016,Alan Barillaro,Won 1 Oscar. Another 1 win & 1 nomination.,24041,2016,2,1
Pirates of the Caribbean: At World's End,2007,Gore Verbinski,Nominated for 2 Oscars. Another 20 wins & 44 nominations.,577465,2007,20,46
Pirates of the Caribbean: Dead Man's Chest,2006,Gore Verbinski,Won 1 Oscar. Another 43 wins & 53 nominations.,635041,2006,44,53
Pirates of the Caribbean: On Stranger Tides,2011,Rob Marshall,3 wins & 31 nominations.,465510,2011,3,31
Pirates of the Caribbean: The Curse of the Black Pearl,0,"November 12, 2019","Johnny Depp, Geoffrey Rush, Orlando Bloom, Keira Knightley",null,0,0,0
Pixar in Real Life,2019,N/A,N/A,193,2019,0,0
Pixel Perfect,2004,Mark A.Z. Dippé,N/A,3085,2004,0,0
PJ Masks,2015,N/A,2 wins & 6 nominations.,696,2015,2,6
null,0,null,null,null,0,0,0
null,0,null,null,null,0,0,0
Pluto's Christmas Tree,1952,Jack Hannah,N/A,2023,1952,0,0
Pluto's Party,1952,Milt Schaffer,N/A,383,1952,0,0
Pluto's Purchase,1948,Charles A. Nichols,N/A,138,1948,0,0
null,0,null,null,null,0,0,0
null,0,null,null,null,0,0,0
Pocahontas,1995,"Mike Gabriel, Eric Goldberg",Won 2 Oscars. Another 13 wins & 7 nominations.,163209,1995,15,7
Pocahontas II: Journey to a New World,1998,"Tom Ellery, Bradley Raymond",1 nomination.,13201,1998,0,1
Pollyanna,1960,David Swift,Won 1 Golden Globe. Another 1 win & 1 nomination.,8533,1960,2,1
Pooh's Grand Adventure: The Search for Christopher Robin,1997,Karl Geurs,5 nominations.,4850,1997,0,5
Pooh's Heffalump Movie,2005,Frank Nissen,1 nomination.,6031,2005,0,1
null,0,null,null,null,0,0,0
Presto,2008,Doug Sweetland,Nominated for 1 Oscar. Another 1 nomination.,21778,2008,0,2
Primal Survivor,2016,N/A,N/A,163,2016,0,0
Princess Protection Program,2009,Allison Liddi-Brown,3 wins & 3 nominations.,20758,2009,3,3
Prom,2011,Joe Nussbaum,1 nomination.,14569,2011,0,1
Prowlers of the Everglades,1953,James Algar,N/A,42,1953,0,0
Puppy Dog Pals,2017,N/A,1 win & 2 nominations.,611,2017,1,2
Purl,2018,Kristen Lester,1 win & 1 nomination.,1158,2019,1,1
Quack Pack,1996,N/A,N/A,3478,1996,0,0
Queen of Katwe,2016,Mira Nair,2 wins & 20 nominations.,14265,2016,2,20
Quints,2000,Bill Corcoran,2 nominations.,2030,2000,0,2
Ratatouille,2007,"Brad Bird, Jan Pinkava(co-director)",Won 1 Oscar. Another 66 wins & 42 nominations.,612483,2007,67,42
Read It and Weep,2006,Paul Hoen,2 nominations.,4915,2006,0,2
Ready to Run,2000,Duwayne Dunham,1 nomination.,282,2000,0,1
Recess: All Growed Down,2003,"Howy Parkins, Brenda Piluso, Chuck Sheetz",N/A,571,2003,0,0
Recess: School's Out,2001,Chuck Sheetz,N/A,9032,2001,0,0
Recess: Taking the Fifth Grade,2003,Howy Parkins,N/A,1759,2003,0,0
Red Tails,2012,Anthony Hemingway,2 wins & 9 nominations.,32647,2012,2,9
Red's Dream,1987,John Lasseter,N/A,6019,1987,0,0
Remember the Titans,2000,Boaz Yakin,8 wins & 18 nominations.,190945,2000,8,18
null,0,null,null,null,0,0,0
Return from Witch Mountain,1978,John Hough,N/A,4201,1978,0,0
Return to Halloweentown,2006,David Jackson,Nominated for 1 Primetime Emmy. Another 2 nominations.,5338,2006,0,3
Return to Oz,1985,Walter Murch,Nominated for 1 Oscar. Another 5 nominations.,23581,1985,0,6
Richie Rich's Christmas Wish,1998,John Murlowski,N/A,1960,1998,0,0
Right on Track,2003,Duwayne Dunham,N/A,1087,2003,0,0
null,0,null,null,null,0,0,0
Rip Girls,2000,Joyce Chopra,2 nominations.,1135,2000,0,2
Robin Hood,1973,"Wolfgang Reitherman, David Hand",Nominated for 1 Oscar. Another 1 win & 1 nomination.,110712,1973,1,2
Rocky Mountain Animal Rescue,2018,N/A,N/A,5,2018,0,0
Rogue One: A Star Wars Story,2016,Gareth Edwards,Nominated for 2 Oscars. Another 24 wins & 80 nominations.,526836,2016,24,82
Rookie of the Year,1993,Daniel Stern,1 win & 1 nomination.,23711,1993,1,1
Roving Mars,2006,George Butler,1 win & 1 nomination.,968,2006,1,1
Ruby Bridges,1998,Euzhan Palcy,4 wins & 4 nominations.,607,1998,4,4
Running Wild with Bear Grylls,2014,N/A,N/A,2122,2014,0,0
Sacred Planet,2004,Jon Long,N/A,259,2004,0,0
Saludos Amigos,1942,"Wilfred Jackson, Jack Kinney, Hamilton Luske, Bill Roberts, Norman Ferguson",Nominated for 3 Oscars. Another 1 win.,4784,1943,1,3
"Sammy, the Way-Out Seal: Part 1",1962,Norman Tokar,N/A,140,1962,0,0
Sanjay's Super Team,2015,Sanjay Patel,Nominated for 1 Oscar. Another 2 nominations.,3879,2015,0,3
Santa Paws 2: The Santa Pups,2012,Robert Vince,1 win.,1100,2012,1,0
Santa's Workshop,1932,Wilfred Jackson,N/A,1320,1932,0,0
Saving Mr. Banks,2013,John Lee Hancock,Nominated for 1 Oscar. Another 14 wins & 72 nominations.,147182,2013,14,73
Science Fair,2018,"Cristina Costantini, Darren Foster",N/A,331,2018,0,0
Sea of Hope: America's Underwater Treasures,2017,Robert Nixon,N/A,null,2017,0,0
Sea Scouts,1939,Dick Lundy,N/A,556,1939,0,0
Secret of the Wings,2012,"Roberts Gannaway, Peggy Holmes",1 win & 5 nominations.,10155,2012,1,5
Secretariat,2010,Randall Wallace,4 wins & 6 nominations.,25455,2010,4,6
The Secret of Christ's Tomb,2017,Robert Strange,N/A,7,2017,0,0
Secrets of Life,1956,James Algar,1 win.,126,1956,1,0
Secrets of the King Cobra,2010,N/A,N/A,6,2010,0,0
Secrets of the Zoo,2018,N/A,N/A,76,2018,0,0
null,0,null,null,null,0,0,0
Shake It Up,2010,N/A,3 wins & 18 nominations.,10911,2010,3,18
Sharks of Lost Island,2013,Neil Gelinas,N/A,null,2013,0,0
Sharpay's Fabulous Adventure,2011,Michael Lembeck,1 nomination.,5651,2011,0,1
Sheriff Callie's Wild West,2014,N/A,4 nominations.,503,2014,0,4
Shipwrecked,1990,Nils Gaup,3 nominations.,2364,1991,0,3
Shop Class,2020,N/A,N/A,16,2020,0,0
Silver Surfer,1998,N/A,1 nomination.,1778,1998,0,1
The Simpsons Movie,2007,David Silverman,Nominated for 1 Golden Globe. Another 5 wins & 33 nominations.,302244,2007,5,34
Sister Act,1992,Emile Ardolino,Nominated for 2 Golden Globes. Another 9 wins & 8 nominations.,83764,1992,9,10
Sister Act 2: Back in the Habit,1993,Bill Duke,1 win & 3 nominations.,47046,1993,1,3
Skyrunners,2009,Ralph Hemecker,1 win & 1 nomination.,1022,2009,1,1
Sleeping Beauty,1959,"Clyde Geronimi, Les Clark, Hamilton Luske, Wolfgang Reitherman", Ted Sears (additional story),null,1959,0,0
Smart Guy,1997,N/A,7 nominations.,4198,1997,0,7
Smart House,1999,LeVar Burton,2 nominations.,5998,1999,0,2
Smash and Grab,2019,Brian Larsen,N/A,399,2019,0,0
Snow Dogs,2002,Brian Levant,1 win.,24563,2002,1,0
Snow White and the Seven Dwarfs,1937,"William Cottrell, David Hand, Wilfred Jackson, Larry Morey, Perce Pearce, Ben Sharpsteen",Nominated for 1 Oscar. Another 11 wins & 5 nominations.,174379,1938,11,6
Snowball Express,1972,Norman Tokar,N/A,1355,1973,0,0
Snowglobe,2007,Ron Lagomarsino,1 win.,2043,2007,1,0
So Weird,1999,N/A,7 nominations.,2519,1999,0,7
Society Dog Show,1939,Bill Roberts,N/A,350,1939,0,0
Sonny with a Chance,2009,N/A,2 wins & 6 nominations.,10074,2009,2,6
Soy Luna,2016,N/A,N/A,833,2016,0,0
Spider-Man,1981,N/A,N/A,943,1981,0,0
Spider-Man and His Amazing Friends,1981,N/A,1 nomination.,2704,1981,0,1
Spider-Man Unlimited,1999,N/A,N/A,2517,1999,0,0
Spider-Woman,1979,N/A,N/A,438,1979,0,0
Splash,1984,Ron Howard,Nominated for 1 Oscar. Another 2 wins & 8 nominations.,65908,1984,2,9
Star Wars: Forces of Destiny,2017,N/A,1 win.,1105,2017,1,0
Star Wars Rebels,2014,N/A,Nominated for 4 Primetime Emmys. Another 7 wins & 25 nominations.,24977,2014,7,29
null,0,null,null,null,0,0,0
Star Wars Resistance,2018,N/A,Nominated for 1 Primetime Emmy. Another 1 win & 1 nomination.,3403,2018,1,2
Star Wars: Episode IV - A New Hope,1977,George Lucas,Won 6 Oscars. Another 52 wins & 28 nominations.,1188658,1977,58,28
Star Wars: Episode II - Attack of the Clones,2002,George Lucas,Nominated for 1 Oscar. Another 19 wins & 63 nominations.,613768,2002,19,64
Star Wars Blips,2017,N/A,N/A,29,2017,0,0
Star Wars: Episode VI - Return of the Jedi,1983,Richard Marquand,Nominated for 4 Oscars. Another 22 wins & 16 nominations.,912250,1983,22,20
Star Wars: Episode III - Revenge of the Sith,2005,George Lucas,Nominated for 1 Oscar. Another 26 wins & 61 nominations.,681075,2005,26,62
Star Wars: The Clone Wars,2008,N/A,23 wins & 68 nominations.,47308,2008,23,68
Star Wars: The Clone Wars,2008,Dave Filoni,2 nominations.,53973,2008,0,2
Star Wars: Episode V - The Empire Strikes Back,1980,Irvin Kershner,Won 1 Oscar. Another 24 wins & 20 nominations.,1109656,1980,25,20
Star Wars: Episode VII - The Force Awakens,2015,J.J. Abrams,Nominated for 5 Oscars. Another 62 wins & 125 nominations.,833706,2015,62,130
Star Wars: Episode VIII - The Last Jedi,2017,Rian Johnson,Nominated for 4 Oscars. Another 22 wins & 88 nominations.,532835,2017,22,92
Star Wars: Episode I - The Phantom Menace,1999,George Lucas,Nominated for 3 Oscars. Another 26 wins & 65 nominations.,698744,1999,26,68
null,0,null,null,null,0,0,0
Stargirl,2020,Julia Hart,N/A,2130,2020,0,0
StarStruck,2010,Michael Grossman,2 nominations.,12305,2010,0,2
Steamboat Willie,1928,"Ub Iwerks, Walt Disney",1 win.,6678,1929,1,0
Stepsister from Planet Weird,2000,Steve Boyum,N/A,1317,2000,0,0
Stitch! The Movie,2003,"Tony Craig, Roberts Gannaway",2 nominations.,7622,2003,0,2
Stonehenge: Decoded,2008,Christopher Spencer,1 nomination.,133,2008,0,1
Stuck in the Suburbs,2004,Savage Steve Holland,N/A,3395,2004,0,0
The Sultan and the Rock Star,1980,N/A,N/A,12,1980,0,0
Super Buddies,2013,Robert Vince,1 win.,1089,2013,1,0
Super Rhino,2009,Nathan Greno,N/A,854,2009,0,0
Supercar Superbuild,2014,N/A,N/A,40,2014,0,0
Swiss Family Robinson,1940,Edward Ludwig,N/A,324,1940,0,0
Swiss Family Robinson,1960,Ken Annakin,N/A,13189,1960,0,0
TaleSpin,1990,N/A,Won 1 Primetime Emmy. Another 5 nominations.,12743,1990,1,5
Tall Tale,1995,Jeremiah S. Chechik,N/A,3246,1995,0,0
Tangled,2010,"Nathan Greno, Byron Howard",USA,7,2010,0,0
Tangled: Before Ever After,2017,"Tom Caulfield, Stephen Sandoval",1 win & 5 nominations.,1861,2017,1,5
Tangled: The Series,0,21 min,"English, Czech",null,0,0,0
Tarzan & Jane,2002,"Steve Loter, Victor Cook, Don MacKinnon, Lisa Schaffer(co-director)", John Behnke,null,2002,0,0
Teacher's Pet,2004,Timothy Björklund,2 nominations.,1471,2004,0,2
Teacher's Pet,2000,N/A,8 wins & 4 nominations.,378,2000,8,4
Teen Beach 2,2015,Jeffrey Hornaday,2 wins & 3 nominations.,3331,2015,2,3
Teen Beach Movie,2013,Jeffrey Hornaday,2 nominations.,8886,2013,0,2
Teen Spirit,2011,Gil Junger,N/A,6775,2011,0,0
That Darn Cat,1997,Bob Spiers,2 nominations.,3952,1997,0,2
That Darn Cat!,1965,Robert Stevenson,6 nominations.,5542,1965,0,6
That's So Raven,2003,N/A,Nominated for 2 Primetime Emmys. Another 14 wins & 29 nominations.,16953,2003,14,31
The Absent Minded Professor,1961,Robert Stevenson,Nominated for 3 Oscars. Another 1 win & 5 nominations.,6856,1961,1,8
null,0,null,null,null,0,0,0
The Adventures of Bullwhip Griffin,1967,James Neilson,N/A,603,1967,0,0
The Adventures of Huck Finn,1993,Stephen Sommers,N/A,7451,1993,0,0
The Adventures of Ichabod and Mr. Toad,1949,"James Algar, Clyde Geronimi, Jack Kinney", Joe Rinaldi (story),null,1950,0,0
The Adventures of Spin and Marty,1955,N/A,N/A,166,1955,0,0
The African Lion,1955,James Algar,3 wins.,286,1955,3,0
The Apple Dumpling Gang,1975,Norman Tokar,N/A,4710,1975,0,0
The Apple Dumpling Gang Rides Again,1979,Vincent McEveety,N/A,2270,1979,0,0
The Aristocats,1970,Wolfgang Reitherman,3 wins.,89029,1970,3,0
The Art of Skiing,0,8 min,English,null,0,0,0
The Avengers: Earth's Mightiest Heroes,2010,N/A,8 nominations.,12505,2010,0,8
Avengers: United They Stand,1999,N/A,N/A,682,1999,0,0
The Band Concert,1935,Wilfred Jackson,1 win.,2714,1935,1,0
The Bears and I,1974,Bernard McEveety,N/A,253,1974,0,0
The BFG,2016,Steven Spielberg,4 wins & 25 nominations.,73906,2016,4,25
The Big Bad Wolf,1934,Burt Gillett,N/A,1381,1934,0,0
The Biscuit Eater,1972,Vincent McEveety,N/A,281,1972,0,0
The Black Cauldron,1985,"Ted Berman, Richard Rich",N/A,29395,1985,0,0
The Black Hole,1979,Gary Nelson,Nominated for 2 Oscars. Another 6 nominations.,22422,1979,0,8
The Blue Umbrella,2013,Saschka Unseld,1 nomination.,8311,2013,0,1
null,0,null,null,null,0,0,0
The Book of Pooh,2001,N/A,1 win & 3 nominations.,412,2001,1,3
The Boy Who Talked to Badgers,1975,Gary Nelson,N/A,25,1975,0,0
The Brave Little Toaster Goes to Mars,1998,"Robert C. Ramirez, Patrick A. Ventura",2 nominations.,1333,1998,0,2
The Castaway Cowboy,1974,Vincent McEveety,N/A,421,1974,0,0
The Cat from Outer Space,1978,Norman Tokar,1 nomination.,4162,1978,0,1
The Cheetah Girls,2003,Oz Scott,6 nominations.,6690,2003,0,6
The Cheetah Girls 2,2006,Kenny Ortega,2 nominations.,5512,2006,0,2
The Cheetah Girls: One World,2008,Paul Hoen,2 nominations.,3779,2008,0,2
The Christmas Star,1986,Alan Shapiro,N/A,345,1986,0,0
The Chronicles of Narnia: Prince Caspian,2008,Andrew Adamson,2 wins & 20 nominations.,187627,2008,2,20
"The Chronicles of Narnia: The Lion, the Witch and the Wardrobe",2005,Andrew Adamson,Won 1 Oscar. Another 17 wins & 46 nominations.,353342,2005,18,46
The Color of Friendship,2000,Kevin Hooks,Won 1 Primetime Emmy. Another 4 wins & 3 nominations.,3027,2000,5,3
The Computer Wore Tennis Shoes,1969,Robert Butler,N/A,4208,1969,0,0
The Country Bears,2002,Peter Hastings,4 nominations.,4769,2002,0,4
null,0,null,null,null,0,0,0
null,0,null,null,null,0,0,0
The Emperor's New Groove,2000,Mark Dindal,Nominated for 1 Oscar. Another 7 wins & 26 nominations.,171721,2000,7,27
The Even Stevens Movie,2003,Sean McNamara,1 win & 5 nominations.,6241,2003,1,5
The Finest Hours,2016,Craig Gillespie,2 wins.,59000,2016,2,0
The Flood,2018,N/A,N/A,24,2018,0,0
The Fox and the Hound,1981,"Ted Berman, Richard Rich, Art Stevens, David Hand, Wolfgang Reitherman",1 win & 2 nominations.,81227,1981,1,2
The Fox and the Hound 2,2006,Jim Kammerud,1 win.,3961,2006,1,0
The Game Plan,2007,Andy Fickman,3 nominations.,56291,2007,0,3
The Ghosts of Buxley Hall,1980,Bruce Bilson,N/A,97,1980,0,0
The Goddess of Spring,1934,Wilfred Jackson,N/A,483,1934,0,0
The Golden Touch,1935,Walt Disney,N/A,856,1935,0,0
The Good Dinosaur,2015,Peter Sohn,Nominated for 1 Golden Globe. Another 9 wins & 40 nominations.,97413,2015,9,41
The Great Mouse Detective,1986,"Ron Clements, Burny Mattinson, David Michener, John Musker",USA,7,1986,0,0
The Great Muppet Caper,1981,Jim Henson,Nominated for 1 Oscar. Another 1 nomination.,12993,1981,0,2
The Greatest Game Ever Played,2005,Bill Paxton,3 nominations.,26823,2005,0,3
The Haunted Mansion,2003,Rob Minkoff,1 win & 4 nominations.,40276,2003,1,4
The Hockey Champ,1939,Jack King,N/A,756,1939,0,0
The Hunchback of Notre Dame,1996,"Gary Trousdale, Kirk Wise", Noni White (animation screenplay by),null,1996,0,0
The Hunchback of Notre Dame 2: The Secret of the Bell,2002,Bradley Raymond,2 wins & 12 nominations.,5645,2002,2,12
The Imagineering Story,2019,N/A,N/A,1194,2019,0,0
The Incredible Dr. Pol,2011,N/A,N/A,999,0,0,0
Blue Ribbon Kids,2016,N/A,N/A,null,2016,0,0
The Incredible Journey,1963,Fletcher Markle,N/A,3702,1963,0,0
The Incredibles,2004,Brad Bird,Won 2 Oscars. Another 65 wins & 56 nominations.,633057,2004,67,56
The Journey of Natty Gann,1985,Jeremy Kagan,Nominated for 1 Oscar. Another 1 win & 2 nominations.,4848,1985,1,3
The Jungle Book,1967,"Wolfgang Reitherman, James Algar, Jack Kinney",Nominated for 1 Oscar. Another 4 wins & 3 nominations.,159903,1967,4,4
The Jungle Book 2,2003,Steve Trenbirth,1 win & 9 nominations.,14354,2003,1,9
The Jungle Book: Mowgli's Story,1998,Nick Marck,N/A,625,1998,0,0
The Last Song,2010,Julie Anne Robinson,4 wins & 10 nominations.,78380,2010,4,10
The Legend of Mor'du,2012,Brian Larsen,N/A,1084,2012,0,0
The Lion King,2019,Jon Favreau,"English, Xhosa, Zulu, French, Spanish",55,2019,0,0
The Lion King 3: Hakuna Matata,2004,Bradley Raymond,6 wins & 10 nominations.,35523,2004,6,10
The Lion King 2: Simba's Pride,1998,"Darrell Rooney, Rob LaDuca(co-director)",3 wins & 3 nominations.,58256,1998,3,3
The Lion King,1994,"Roger Allers, Rob Minkoff",Won 2 Oscars. Another 35 wins & 34 nominations.,901362,1994,37,34
The Little Mermaid,1989,"Ron Clements, John Musker",Won 2 Oscars. Another 10 wins & 8 nominations.,227707,1989,12,8
The Little Mermaid 2: Return to the Sea,2000,"Jim Kammerud, Brian Smith(co-director)",4 nominations.,16648,2000,0,4
The Little Mermaid: Ariel's Beginning,2008,Peggy Holmes,2 nominations.,8001,2008,0,2
null,0,null,null,null,0,0,0
The Living Desert,1953,James Algar,Won 1 Oscar. Another 6 wins & 2 nominations.,1139,1953,7,2
Lizzie McGuire,2003,Jim Fall,2 wins & 3 nominations.,34463,2003,2,3
The Lodge,2016,N/A,N/A,345,2016,0,0
The Lost Tomb of Alexander the Great,2019,Duncan Singh,N/A,32,2019,0,0
The Love Bug,1968,Robert Stevenson,1 win & 2 nominations.,13617,1969,1,2
The Mandalorian,2019,N/A,5 wins & 10 nominations.,157153,2019,5,10
The Many Adventures of Winnie the Pooh,1977,"John Lounsbery, Wolfgang Reitherman, Ben Sharpsteen",1 nomination.,31065,1977,0,1
The Million Dollar Duck,1971,Vincent McEveety,N/A,1886,1971,0,0
The Mistle-Tones,2012,Paul Hoen,N/A,1843,2012,0,0
The Muppet Christmas Carol,1992,Brian Henson,2 wins & 1 nomination.,45861,1992,2,1
The Muppet Movie,1979,James Frawley,Nominated for 2 Oscars. Another 4 wins & 9 nominations.,31198,1979,4,11
The Muppets,2011,James Bobin,Won 1 Oscar. Another 16 wins & 43 nominations.,84999,2011,17,43
The Muppets.,2015,N/A,Nominated for 1 Primetime Emmy. Another 3 wins & 3 nominations.,5614,2015,3,4
The New Adventures of Winnie the Pooh,1988,N/A,5 wins & 5 nominations.,3077,1988,5,5
The New Neighbor,1953,Jack Hannah,N/A,292,1953,0,0
The Odd Life of Timothy Green,2012,Peter Hedges,1 win & 8 nominations.,43976,2012,1,8
The Old Mill,1937,Wilfred Jackson,Won 1 Oscar. Another 1 win.,3165,1937,2,0
The Olympic Champ,1942,Jack Kinney,N/A,634,1942,0,0
The Olympic Elk,1952,James Algar,N/A,40,1952,0,0
The Other Me,2000,Manny Coto,2 wins & 1 nomination.,1741,2000,2,1
The Parent Trap,1961,David Swift,Nominated for 2 Oscars. Another 2 wins & 6 nominations.,18041,1961,2,8
The Parent Trap,1998,Nancy Meyers,2 wins & 7 nominations.,114898,1998,2,7
The Pied Piper,1933,Wilfred Jackson,1 win.,659,1933,1,0
The Plausible Impossible,1956,"William Beaudine, Wilfred Jackson",N/A,14,1956,0,0
The Poof Point,2001,Neal Israel,N/A,466,2001,0,0
The Prince and the Pauper,1962,Don Chaffey,N/A,33,1981,0,0
The Prince and the Pauper,1990,George Scribner,N/A,2791,1990,0,0
The Princess and the Frog,2009,"Ron Clements, John Musker",Nominated for 3 Oscars. Another 11 wins & 38 nominations.,117082,2009,11,41
The Princess Bride,1987,Rob Reiner,Nominated for 1 Oscar. Another 7 wins & 8 nominations.,377085,1987,7,9
The Princess Diaries,2001,Garry Marshall,3 wins & 11 nominations.,123037,2001,3,11
The Princess Diaries 2: Royal Engagement,2004,Garry Marshall,1 win & 2 nominations.,70904,2004,1,2
The Proud Family,2001,N/A,6 wins & 23 nominations.,5951,2001,6,23
The Proud Family Movie,2005,Bruce W. Smith,3 nominations.,1430,2005,0,3
The Reluctant Dragon,1941,"Alfred L. Werker, Hamilton Luske, Jack Cutting, Ub Iwerks, Jack Kinney"," John P. Miller (story """"Baby Weems"""" sequence)""",null,1941,0,0
The Replacements,2006,N/A,1 nomination.,2409,2006,0,1
The Rescuers,1977,"John Lounsbery, Wolfgang Reitherman, Art Stevens", Vance Gerry (story),null,1977,0,0
The Rescuers Down Under,1990,"Hendel Butoy, Mike Gabriel",6 wins.,36509,1990,6,0
The Rocketeer,1991,Joe Johnston, Danny Bilson (screenplay),null,1991,0,0
The Rookie,2002,John Lee Hancock,5 wins & 4 nominations.,31236,2002,5,4
The Sandlot: Heading Home,0,"Family, Sport","USA, Canada",5,0,0,0
The Santa Clause,1994,John Pasquin,2 wins & 8 nominations.,91389,1994,2,8
The Santa Clause 2,2002,Michael Lembeck,1 win & 3 nominations.,47866,2002,1,3
The Santa Clause 3: The Escape Clause,2006,Michael Lembeck,4 wins & 9 nominations.,31254,2006,4,9
The Scream Team,2002,Stuart Gillard,N/A,774,2002,0,0
The Secret of the Magic Gourd,2007,Frankie Chung,1 win & 1 nomination.,490,2007,1,1
The Shaggy D.A.,1976,Robert Stevenson,N/A,2468,1976,0,0
The Shaggy Dog,1959,Charles Barton,1 win & 1 nomination.,4080,1959,1,1
The Sign of Zorro,1958,"Lewis R. Foster, Norman Foster",N/A,645,1960,0,0
null,0,null,null,null,0,0,0
The Simpsons,1989,N/A,Nominated for 1 Golden Globe. Another 168 wins & 302 nominations.,328282,1989,168,303
The Small One,1978,Don Bluth,N/A,1181,1978,0,0
The Sound of Music,1965,Robert Wise,Won 5 Oscars. Another 12 wins & 13 nominations.,194154,1965,17,13
The Story of Robin Hood and His Merrie Men,1952,Ken Annakin,N/A,1281,1952,0,0
The Straight Story,1999,David Lynch,Nominated for 1 Oscar. Another 19 wins & 39 nominations.,77452,1999,19,40
The Strongest Man in the World,1975,Vincent McEveety,N/A,2531,1975,0,0
The Suite Life Movie,2011,Sean McNamara,N/A,3051,2011,0,0
The Suite Life of Zack & Cody,2005,N/A,Nominated for 3 Primetime Emmys. Another 8 wins & 20 nominations.,30964,2005,8,23
The Suite Life on Deck,0,"Action, Adventure, Comedy, Family",USA,6,0,0,0
The Super Hero Squad Show,2009,N/A,N/A,1410,2009,0,0
The Swap,2016,Jay Karas,3 nominations.,1522,2016,0,3
The Sword in the Stone,1963,"Wolfgang Reitherman, Clyde Geronimi, David Hand",Nominated for 1 Oscar. Another 1 win.,85169,1964,1,1
The Thirteenth Year,1999,Duwayne Dunham,1 nomination.,4525,1999,0,1
The Three Caballeros,1944,"Norman Ferguson, Clyde Geronimi, Jack Kinney, Bill Roberts, Harold Young",Nominated for 2 Oscars. Another 1 nomination.,11541,1945,0,3
The Three Musketeers,1993,Stephen Herek,2 wins & 3 nominations.,48683,1993,2,3
The Tigger Movie,2000,Jun Falkenstein,4 nominations.,16402,2000,0,4
The Tortoise and the Hare,1935,Wilfred Jackson,N/A,2028,1935,0,0
The Ugly Dachshund,1966,Norman Tokar,N/A,3244,1966,0,0
Ugly Duckling,1939,"Jack Cutting, Clyde Geronimi",N/A,2421,1939,0,0
The Ultimate Christmas Present,2000,Greg Beeman,2 wins & 3 nominations.,1478,2000,2,3
The Vanishing Prairie,1954,James Algar,Won 1 Oscar. Another 3 wins.,341,1955,4,0
The Wild,2006,Steve 'Spaz' Williams,2 nominations.,23206,2006,0,2
The Wise Little Hen,1934,Wilfred Jackson,N/A,1567,1934,0,0
The Wizards Return: Alex vs. Alex,2013,Victor Gonzalez,2 nominations.,4934,2013,0,2
The Little Mermaid Live!,2019,"Hamish Hamilton, Ron Clements, John Musker",N/A,645,2019,0,0
The World According to Jeff Goldblum,2019,N/A,N/A,1121,2019,0,0
The Young Black Stallion,2003,Simon Wincer,1 nomination.,1008,2003,0,1
Those Calloways,1965,Norman Tokar,N/A,423,1965,0,0
null,0,null,null,null,0,0,0
Three Days,2001,Michael Switzer,N/A,867,2001,0,0
Three Little Pigs,1933,Burt Gillett,Won 1 Oscar. Another 1 win.,4805,1933,2,0
null,0,null,null,null,0,0,0
Three Men and a Baby,1987,Leonard Nimoy,English,61,1987,0,0
Three Men and a Little Lady,1990,Emile Ardolino,"Tom Selleck, Steve Guttenberg, Ted Danson, Nancy Travis",null,1990,0,0
null,0,null,null,null,0,0,0
Thumbelina,1994,"Don Bluth, Gary Goldman",1 win.,14576,1994,1,0
Tiger Cruise,2004,Duwayne Dunham,3 nominations.,1166,2004,0,3
The Nightmare Before Christmas,1993,Henry Selick,Nominated for 1 Oscar. Another 7 wins & 16 nominations.,281155,1993,7,17
Timmy Failure: Mistakes Were Made,2020,Tom McCarthy,N/A,1300,2020,0,0
Timon & Pumbaa,1995,N/A,3 wins & 14 nominations.,8549,1995,3,14
Tin Toy,1988,John Lasseter,Won 1 Oscar. Another 3 wins.,9253,1988,4,0
Tinker Bell,2008,Bradley Raymond,N/A,11194,2008,0,0
Tinker Bell and the Great Fairy Rescue,2010,Bradley Raymond,1 win & 1 nomination.,7103,2010,1,1
Tinker Bell and the Lost Treasure,2009,Klay Hall,1 nomination.,9233,2009,0,1
Titanic: 20 Years Later with James Cameron,0,Documentary,USA,7,0,0,0
Toby Tortoise Returns,0,"Animation, Short, Comedy",USA,7,0,0,0
Togo,2019,Ericson Core,1 win & 2 nominations.,24630,2019,1,2
Tom and Huck,1995,Peter Hewitt,1 win & 5 nominations.,9519,1995,1,5
Toy Story,1995,John Lasseter,Nominated for 3 Oscars. Another 27 wins & 20 nominations.,846332,1995,27,23
Toy Story 2,1999,"John Lasseter, Ash Brannon(co-director), Lee Unkrich(co-director)",Nominated for 1 Oscar. Another 21 wins & 26 nominations.,504561,1999,21,27
Toy Story 3,2010,Lee Unkrich,Won 2 Oscars. Another 60 wins & 95 nominations.,729086,2010,62,95
Toy Story 4,0,"Animation, Adventure, Comedy, Family, Fantasy",USA,7,0,0,0
Toy Story Toons: Hawaiian Vacation,2011,Gary Rydstrom,N/A,7148,2011,0,0
null,0,null,null,null,0,0,0
Toy Story Toons: Small Fry,2011,"Angus MacLane, Dylan Brown",N/A,5326,2011,0,0
Trail of the Panda,2009,Zhong Yu,N/A,139,0,0,0
Trailer Horn,1950,Jack Hannah,N/A,359,1950,0,0
Treasure Island,1950,Byron Haskin,1 nomination.,6611,1950,0,1
Treasure of Matecumbe,1976,Vincent McEveety,N/A,412,1976,0,0
Treasure Planet,2002,"Ron Clements, John Musker", Ron Clements (animation story by),null,2002,0,0
null,0,null,null,null,0,0,0
TRON,1982,Steven Lisberger,Nominated for 2 Oscars. Another 2 wins & 6 nominations.,110110,1982,2,8
TRON: Uprising,2012,N/A,Won 1 Primetime Emmy. Another 2 wins & 6 nominations.,7409,2012,3,6
TRON: Legacy,2010,Joseph Kosinski,Nominated for 1 Oscar. Another 10 wins & 49 nominations.,306175,2010,10,50
Tru Confessions,2002,Paul Hoen,1 win.,2866,2002,1,0
Tuck Everlasting,2002,Jay Russell,1 win & 3 nominations.,20533,2002,1,3
Tugboat Mickey,1940,Clyde Geronimi,N/A,650,1940,0,0
Turner & Hooch,1989,Roger Spottiswoode,1 win & 1 nomination.,61665,1989,1,1
Tutankhamen's Treasures,2018,N/A,N/A,31,2018,0,0
'Twas the Night,2001,Nick Castle,1 win & 3 nominations.,719,2001,1,3
Twitches,2005,Stuart Gillard,1 win.,6703,2005,1,0
Twitches Too,2007,Stuart Gillard,N/A,3961,2007,0,0
Unidentified Flying Oddball,1979,Russ Mayberry,N/A,917,1979,0,0
null,0,null,null,null,0,0,0
Unlikely Animal Friends,2012,N/A,N/A,72,2012,0,0
Up,2009,"Pete Docter, Bob Peterson(co-director)",Won 2 Oscars. Another 78 wins & 82 nominations.,895906,2009,80,82
"Up, Up, and Away!",2000,Robert Townsend,1 nomination.,1736,2000,0,1
Valiant,2005,Gary Chapman,2 nominations.,20118,2005,0,2
Viking Warrior Women,2019,"David Bartlett, Sebastian Peiter",N/A,14,2019,0,0
Violetta,2012,N/A,1 win & 2 nominations.,1892,2012,1,2
Waking Sleeping Beauty,2009,Don Hahn,2 wins & 2 nominations.,2253,2010,2,2
WALL·E,2008,Andrew Stanton,Won 1 Oscar. Another 91 wins & 93 nominations.,955757,2008,92,93
null,0,null,null,null,0,0,0
Water Birds,1952,Ben Sharpsteen,Won 1 Oscar. Another 1 nomination.,111,1952,1,1
Wendy Wu: Homecoming Warrior,2006,John Laing,N/A,5328,2006,0,0
Whispers: An Elephant's Tale,2000,Dereck Joubert,N/A,252,2000,0,0
White Fang,1991,Randal Kleiser,1 win.,18897,1991,1,0
Who Framed Roger Rabbit,1988,"Robert Zemeckis, Richard Williams",Won 3 Oscars. Another 21 wins & 21 nominations.,175505,1988,24,21
Wicked Tuna,2012,N/A,N/A,677,2012,0,0
null,0,null,null,null,0,0,0
null,0,null,null,null,0,0,0
null,0,null,null,null,0,0,0
Willow,1988,Ron Howard,Nominated for 2 Oscars. Another 1 win & 9 nominations.,97309,1988,1,11
Wind,2019,Edwin Chang,N/A,null,0,0,0
Winged Seduction: Birds of Paradise,2012,Molly Hermann,N/A,10,2012,0,0
Winnie the Pooh,2011,"Stephen J. Anderson, Don Hall",2 wins & 25 nominations.,20673,2011,2,25
Winnie the Pooh: A Very Merry Pooh Year,2002,"Gary Katona, Ed Wexler, Jamie Mitchell",1 win & 3 nominations.,1781,2002,1,3
Winnie the Pooh: Springtime with Roo,2003,"Saul Blinkoff, Elliot M. Bour",6 nominations.,1634,2004,0,6
Winter Storage,1949,Jack Hannah,N/A,595,1949,0,0
Wizards of Waverly Place,2007,N/A,Won 2 Primetime Emmys. Another 35 wins & 50 nominations.,27826,2007,37,50
Wizards of Waverly Place: The Movie,2009,Lev L. Spiro,Won 1 Primetime Emmy. Another 1 win & 4 nominations.,14540,2009,2,4
Wolverine and the X-Men,2008,N/A,N/A,9497,2009,0,0
BarkFest,2017,N/A,N/A,null,0,0,0
Wreck-It Ralph,2012,Rich Moore,Nominated for 1 Oscar. Another 33 wins & 41 nominations.,365043,2012,33,42
X-Men: Evolution,2000,N/A,3 wins & 6 nominations.,9763,2000,3,6
null,0,null,null,null,0,0,0
Year Million,2017,N/A,N/A,324,2017,0,0
Yellowstone Cubs,1963,Charles L. Draper,1 nomination.,177,1963,0,1
You Lucky Dog,1998,Paul Schneider,N/A,526,1998,0,0
You Wish!,2003,Paul Hoen,3 nominations.,1608,2003,0,3
Your Friend the Rat,2007,Jim Capobianco,1 win.,4944,2007,1,0
Z-O-M-B-I-E-S,2018,Paul Hoen,1 nomination.,2993,2018,0,1
Zapped,2014,Peter DeLuise,"Zendaya, Chanelle Peloso, Spencer Boldman, Emilia McCarthy",null,2014,0,0
Zenon: Girl of the 21st Century,1999,Kenneth Johnson,2 nominations.,6378,1999,0,2
Zenon: The Zequel,2001,Manny Coto,1 nomination.,3318,2001,0,1
Zenon: Z3,2004,Steve Rash,English,null,2004,0,0
Zootopia,2016,"Byron Howard, Rich Moore, Jared Bush(co-director)",Won 1 Oscar. Another 46 wins & 71 nominations.,410437,2016,47,71
